1,2012/12/23, 早上8点到公司,x_mitsui
2,2012/12/24,发布IOSBOOK1,x_mitsui
3,2012/12/25,发布IOSBOOK2,x_mitsui
4,2012/12/26,发布IOSBOOK3,x_mitsui
5,2012/12/27,发布IOSBOOK4,x_mitsui
6,2012/12/28,发布IOSBOOK5,x_mitsui
7,2012/12/29,发布IOSBOOK6,x_mitsui
8,2012/12/30,发布IOSBOOK7,x_mitsui
9,2012/12/31,发布IOSBOOK8,x_mitsui
10,2013/1/1,发布IOSBOOK9,x_mitsui
11,2013/1/2,发布IOSBOOK10,x_mitsui
12,2013/1/3,发布IOSBOOK11,x_mitsui
13,2013/1/4,发布IOSBOOK12,x_mitsui
14,2013/1/5,发布IOSBOOK13,x_mitsui
15,2013/1/6,发布IOSBOOK14,x_mitsui
16,2013/1/7,发布IOSBOOK15,x_mitsui
17,2013/1/8,发布IOSBOOK16,x_mitsui
18,2013/1/9,发布IOSBOOK17,x_mitsui
19,2013/1/10,发布IOSBOOK18,x_mitsui
20,2013/1/11,发布IOSBOOK19,x_mitsui
21,2013/1/12,发布IOSBOOK20,x_mitsui
22,2013/1/13,发布IOSBOOK21,x_mitsui
